{
  "butcher_table": {
    "A": [
      [
        0.0,
        0.0,
        0.0,
        0.0
      ],
      [
        -0.250919762305275,
        0.0,
        0.0,
        0.0
      ],
      [
        0.9014286128198323,
        0.4639878836228102,
        0.0,
        0.0
      ],
      [
        0.1973169683940732,
        -0.687962719115127,
        -0.6880109593275947,
        0.0
      ]
    ],
    "b": [
      0.014175094141077942,
      0.4764367233203546,
      0.21771965489880052,
      0.29166852763976686
    ],
    "c": [
      0.0,
      -0.250919762305275,
      1.3654164964426425,
      -1.1786567100486485
    ],
    "is_explicit": true,
    "consistency_order": 1,
    "stability_radius": 2.0
  },
  "metrics": {
    "max_error": 3.0821128380538265e+121,
    "l2_error": 9.220296992495828e+120,
    "mean_error": -3.252941868908907,
    "error_percentile_95": 10.76603906811789,
    "runtime": 1.1287529468536377,
    "n_steps": "5952",
    "steps_per_second": 5273.075934455815,
    "efficiency_score": 1.0,
    "stability_score": 0.7448877739604065,
    "convergence_rate": 0.0,
    "composite_score": 1.0,
    "success_rate": 0.992,
    "n_successful": 496,
    "n_total": 500
  },
  "comparisons": {
    "rk4": {
      "accuracy_ratio": 1.0,
      "efficiency_ratio": 0.9761269433307712,
      "stability_ratio": 0.7382184861471253,
      "score_ratio": 1.0,
      "better_accuracy": "False",
      "better_efficiency": "True",
      "better_stability": "False",
      "better_overall": false
    },
    "rk45_dormand_prince": {
      "accuracy_ratio": 1.0,
      "efficiency_ratio": 2.6541893018509684,
      "stability_ratio": 0.6458808966570069,
      "score_ratio": 1.0,
      "better_accuracy": "False",
      "better_efficiency": "False",
      "better_stability": "False",
      "better_overall": false
    },
    "gauss_legendre_2": {
      "accuracy_ratio": 1.0,
      "efficiency_ratio": 0.37875683860852205,
      "stability_ratio": 0.9380790721765757,
      "score_ratio": 1.0,
      "better_accuracy": "False",
      "better_efficiency": "True",
      "better_stability": "False",
      "better_overall": false
    },
    "gauss_legendre_3": {
      "accuracy_ratio": 1.0,
      "efficiency_ratio": 0.705634141071192,
      "stability_ratio": 0.9080044440504567,
      "score_ratio": 1.0,
      "better_accuracy": "False",
      "better_efficiency": "True",
      "better_stability": "False",
      "better_overall": false
    }
  },
  "training_epoch": 300,
  "config": {
    "N_ODES": 1200,
    "BATCH_SIZE": 30,
    "N_STIFF_ODES": 400,
    "N_NONSTIFF_ODES": 800,
    "MIN_STAGES": 3,
    "MAX_STAGES": 5,
    "DEFAULT_STAGES": 4,
    "T_START": 0.0,
    "T_END": 0.12,
    "REFERENCE_TOL": 1e-09,
    "TEST_TOL": 1e-05,
    "GENERATOR_HIDDEN_SIZE": 320,
    "SURROGATE_HIDDEN_SIZE": 160,
    "LEARNING_RATE": 0.0008,
    "BATCH_SIZE_ML": 40,
    "N_EPOCHS": 300,
    "N_CANDIDATES_PER_BATCH": 18,
    "EVALUATION_FREQUENCY": 25,
    "DATA_DIR": "data",
    "RESULTS_DIR": "experiments/run_2_efficiency_focused_v2",
    "CHECKPOINTS_DIR": "experiments/run_2_efficiency_focused_v2/checkpoints",
    "LOGS_DIR": "experiments/run_2_efficiency_focused_v2/logs",
    "DB_PATH": "experiments/run_2_efficiency_focused_v2/integrator_results.db",
    "ACCURACY_WEIGHT": 0.3,
    "EFFICIENCY_WEIGHT": 0.6,
    "STABILITY_WEIGHT": 0.1
  }
}