{
  "butcher_table": {
    "A": [
      [
        0.0,
        0.0,
        0.0,
        0.0
      ],
      [
        -0.250919762305275,
        0.0,
        0.0,
        0.0
      ],
      [
        0.9014286128198323,
        0.4639878836228102,
        0.0,
        0.0
      ],
      [
        0.1973169683940732,
        -0.687962719115127,
        -0.6880109593275947,
        0.0
      ]
    ],
    "b": [
      0.014175094141077942,
      0.4764367233203546,
      0.21771965489880052,
      0.29166852763976686
    ],
    "c": [
      0.0,
      -0.250919762305275,
      1.3654164964426425,
      -1.1786567100486485
    ],
    "is_explicit": true,
    "consistency_order": 1,
    "stability_radius": 2.0
  },
  "metrics": {
    "max_error": 6.60336229489202e+73,
    "l2_error": 1.641177719022937e+73,
    "mean_error": -3.368194439553667,
    "error_percentile_95": 10.086471116351275,
    "runtime": 1.1540393829345703,
    "n_steps": "5916",
    "steps_per_second": 5126.341516141668,
    "efficiency_score": 1.0,
    "stability_score": 0.6363266422932424,
    "convergence_rate": 0.0,
    "composite_score": 1.0,
    "success_rate": 0.986,
    "n_successful": 493,
    "n_total": 500
  },
  "comparisons": {
    "rk4": {
      "accuracy_ratio": 1.0,
      "efficiency_ratio": 0.9892459123145398,
      "stability_ratio": 0.7241926759856504,
      "score_ratio": 1.0,
      "better_accuracy": "False",
      "better_efficiency": "True",
      "better_stability": "False",
      "better_overall": false
    },
    "rk45_dormand_prince": {
      "accuracy_ratio": 1.0,
      "efficiency_ratio": 2.586610340650096,
      "stability_ratio": 0.6286644573817461,
      "score_ratio": 1.0,
      "better_accuracy": "False",
      "better_efficiency": "False",
      "better_stability": "False",
      "better_overall": false
    },
    "gauss_legendre_2": {
      "accuracy_ratio": 1.0,
      "efficiency_ratio": 0.3840071217372477,
      "stability_ratio": 0.909636030660366,
      "score_ratio": 1.0,
      "better_accuracy": "False",
      "better_efficiency": "True",
      "better_stability": "False",
      "better_overall": false
    },
    "gauss_legendre_3": {
      "accuracy_ratio": 1.0,
      "efficiency_ratio": 0.6888799502189079,
      "stability_ratio": 0.8780349236144639,
      "score_ratio": 1.0,
      "better_accuracy": "False",
      "better_efficiency": "True",
      "better_stability": "False",
      "better_overall": false
    }
  },
  "training_epoch": 100,
  "config": {
    "N_ODES": 1000,
    "BATCH_SIZE": 25,
    "N_STIFF_ODES": 300,
    "N_NONSTIFF_ODES": 700,
    "MIN_STAGES": 4,
    "MAX_STAGES": 6,
    "DEFAULT_STAGES": 4,
    "T_START": 0.0,
    "T_END": 0.1,
    "REFERENCE_TOL": 1e-08,
    "TEST_TOL": 0.0001,
    "GENERATOR_HIDDEN_SIZE": 256,
    "SURROGATE_HIDDEN_SIZE": 128,
    "LEARNING_RATE": 0.001,
    "BATCH_SIZE_ML": 32,
    "N_EPOCHS": 400,
    "N_CANDIDATES_PER_BATCH": 15,
    "EVALUATION_FREQUENCY": 20,
    "DATA_DIR": "data",
    "RESULTS_DIR": "results_run_2_efficiency_focused",
    "CHECKPOINTS_DIR": "checkpoints_run_2_efficiency_focused",
    "LOGS_DIR": "logs_run_2_efficiency_focused",
    "DB_PATH": "results/integrator_results.db",
    "ACCURACY_WEIGHT": 0.35,
    "EFFICIENCY_WEIGHT": 0.55,
    "STABILITY_WEIGHT": 0.1
  }
}