{
  "butcher_table": {
    "A": [
      [
        0.0,
        0.0,
        0.0,
        0.0
      ],
      [
        0.5,
        0.0,
        0.0,
        0.0
      ],
      [
        0.0,
        0.5,
        0.0,
        0.0
      ],
      [
        0.0,
        0.0,
        1.0,
        0.0
      ]
    ],
    "b": [
      0.16666666666666666,
      0.3333333333333333,
      0.3333333333333333,
      0.16666666666666666
    ],
    "c": [
      0.0,
      0.5,
      0.5,
      1.0
    ],
    "is_explicit": true,
    "consistency_order": 3,
    "stability_radius": 1.5
  },
  "metrics": {
    "max_error": 5.5369212722701844e-05,
    "l2_error": 4.957896138823428e-06,
    "mean_error": -11.502529550844299,
    "error_percentile_95": -6.769312550542642,
    "runtime": 8.982133388519287,
    "n_steps": "20063",
    "steps_per_second": 2233.656430179936,
    "efficiency_score": 1.0,
    "stability_score": 2.91267296086523,
    "convergence_rate": 0.0,
    "composite_score": 1.0,
    "success_rate": 0.426,
    "n_successful": 213,
    "n_total": 500
  },
  "comparisons": {
    "rk4": {
      "accuracy_ratio": 1.0,
      "efficiency_ratio": 0.9806523621536645,
      "stability_ratio": 1.0,
      "score_ratio": 1.0,
      "better_accuracy": "False",
      "better_efficiency": "True",
      "better_stability": "False",
      "better_overall": false
    },
    "rk45_dormand_prince": {
      "accuracy_ratio": 0.28576378087989884,
      "efficiency_ratio": 2.3025332354332844,
      "stability_ratio": 0.995323101871531,
      "score_ratio": 1.0,
      "better_accuracy": "True",
      "better_efficiency": "False",
      "better_stability": "False",
      "better_overall": false
    },
    "gauss_legendre_2": {
      "accuracy_ratio": 0.09619844597632593,
      "efficiency_ratio": 0.5874761020909015,
      "stability_ratio": 1.0995678135404383,
      "score_ratio": 1.0,
      "better_accuracy": "True",
      "better_efficiency": "True",
      "better_stability": "True",
      "better_overall": false
    },
    "gauss_legendre_3": {
      "accuracy_ratio": 0.15949033051464784,
      "efficiency_ratio": 1.0413683802201201,
      "stability_ratio": 1.0920281920332604,
      "score_ratio": 1.0,
      "better_accuracy": "True",
      "better_efficiency": "False",
      "better_stability": "True",
      "better_overall": false
    }
  },
  "training_epoch": 100,
  "config": {
    "N_ODES": 1000,
    "BATCH_SIZE": 100,
    "N_STIFF_ODES": 300,
    "N_NONSTIFF_ODES": 700,
    "MIN_STAGES": 4,
    "MAX_STAGES": 4,
    "DEFAULT_STAGES": 4,
    "T_START": 0.0,
    "T_END": 1.0,
    "REFERENCE_TOL": 1e-10,
    "TEST_TOL": 1e-06,
    "GENERATOR_HIDDEN_SIZE": 256,
    "SURROGATE_HIDDEN_SIZE": 128,
    "LEARNING_RATE": 0.001,
    "BATCH_SIZE_ML": 32,
    "N_EPOCHS": 100,
    "N_CANDIDATES_PER_BATCH": 100,
    "EVALUATION_FREQUENCY": 20,
    "DATA_DIR": "data",
    "RESULTS_DIR": "trials/trial_4stage_exploration",
    "TRIALS_DIR": "trials/trial_4stage_exploration",
    "LOGS_DIR": "logs",
    "CHECKPOINTS_DIR": "trials/trial_4stage_exploration/checkpoints",
    "DB_PATH": "results/integrator_results.db",
    "ACCURACY_WEIGHT": 0.7,
    "EFFICIENCY_WEIGHT": 0.2,
    "STABILITY_WEIGHT": 0.1,
    "USE_VARIED_STEPS": true,
    "C_MATRIX_CONSTRAINED": false,
    "COMPLEXITY_LEVEL": 2,
    "USE_EVOLUTION": true,
    "EVOLUTION_POPULATION_SIZE": 100,
    "EVOLUTION_MUTATION_RATE": 0.3,
    "EVOLUTION_CROSSOVER_RATE": 0.6,
    "EVOLUTION_ELITE_SIZE": 5,
    "EXPLORATION_BONUS": 0.05,
    "SUCCESS_THRESHOLD": 0.05,
    "DIVERSITY_REWARD": 0.02,
    "C_MATRIX_REWARD_WEIGHT": 0.0,
    "B_MATRIX_SUM_REWARD_WEIGHT": 0.0,
    "CONSTRAINT_TOLERANCE": 1e-06
  }
}