{
  "butcher_table": {
    "A": [
      [
        0.0,
        0.0,
        0.0,
        0.0,
        0.0,
        0.0,
        0.0
      ],
      [
        -0.250919762305275,
        0.0,
        0.0,
        0.0,
        0.0,
        0.0,
        0.0
      ],
      [
        0.9014286128198323,
        0.4639878836228102,
        0.0,
        0.0,
        0.0,
        0.0,
        0.0
      ],
      [
        0.1973169683940732,
        -0.687962719115127,
        -0.6880109593275947,
        0.0,
        0.0,
        0.0,
        0.0
      ],
      [
        -0.8838327756636011,
        0.7323522915498704,
        0.2022300234864176,
        0.416145155592091,
        0.0,
        0.0,
        0.0
      ],
      [
        -0.9588310114083951,
        0.9398197043239886,
        0.6648852816008435,
        -0.5753217786434477,
        -0.6363500655857988,
        0.0,
        0.0
      ],
      [
        -0.6331909802931324,
        -0.39151551408092455,
        0.04951286326447568,
        -0.13610996271576847,
        -0.4175417196039162,
        0.22370578944475894,
        0.0
      ]
    ],
    "b": [
      0.03715307869524506,
      0.08544616950974704,
      0.11283759824729163,
      0.15058987151601308,
      0.3803323918284104,
      0.05508269692741145,
      0.17855819327588138
    ],
    "c": [
      0.36965827544816987,
      -1.814198349120009,
      0.43017940760575346,
      -1.3179035052508339,
      -1.739793628058882,
      1.795542149013333,
      1.8625281322982374
    ],
    "is_explicit": true,
    "consistency_order": 1,
    "stability_radius": 2.0
  },
  "metrics": {
    "max_error": 0.0015728018652100186,
    "l2_error": 0.0003384442807596042,
    "mean_error": -7.132162053145952,
    "error_percentile_95": -3.2103004591752935,
    "runtime": 28.37305998802185,
    "n_steps": "37683",
    "steps_per_second": 1328.126046887734,
    "efficiency_score": 1.0,
    "stability_score": 2.339709490037419,
    "convergence_rate": 0.0,
    "composite_score": 1.0,
    "success_rate": 0.466,
    "n_successful": 233,
    "n_total": 500
  },
  "comparisons": {
    "rk4": {
      "accuracy_ratio": 483.36574783363307,
      "efficiency_ratio": 0.21221878307391157,
      "stability_ratio": 0.8579447670622754,
      "score_ratio": 1.0,
      "better_accuracy": "False",
      "better_efficiency": "True",
      "better_stability": "False",
      "better_overall": false
    },
    "rk45_dormand_prince": {
      "accuracy_ratio": 3044.831131320083,
      "efficiency_ratio": 0.4924999478384309,
      "stability_ratio": 0.8470302018305755,
      "score_ratio": 1.0,
      "better_accuracy": "False",
      "better_efficiency": "True",
      "better_stability": "False",
      "better_overall": false
    },
    "gauss_legendre_2": {
      "accuracy_ratio": 2.6367248489829564,
      "efficiency_ratio": 0.14297931875083247,
      "stability_ratio": 0.9760990069838563,
      "score_ratio": 1.0,
      "better_accuracy": "False",
      "better_efficiency": "True",
      "better_stability": "False",
      "better_overall": false
    },
    "gauss_legendre_3": {
      "accuracy_ratio": 3.8247410093802094,
      "efficiency_ratio": 0.24872234406419705,
      "stability_ratio": 0.9673611339978245,
      "score_ratio": 1.0,
      "better_accuracy": "False",
      "better_efficiency": "True",
      "better_stability": "False",
      "better_overall": false
    }
  },
  "training_epoch": 5,
  "config": "{'__module__': 'configs.quick_test_trial', '__firstlineno__': 7, '__annotations__': {'N_ODES': <class 'int'>, 'BATCH_SIZE': <class 'int'>, 'N_STIFF_ODES': <class 'int'>, 'N_NONSTIFF_ODES': <class 'int'>, 'MIN_STAGES': <class 'int'>, 'MAX_STAGES': <class 'int'>, 'DEFAULT_STAGES': <class 'int'>, 'T_START': <class 'float'>, 'T_END': <class 'float'>, 'REFERENCE_TOL': <class 'float'>, 'TEST_TOL': <class 'float'>, 'GENERATOR_HIDDEN_SIZE': <class 'int'>, 'SURROGATE_HIDDEN_SIZE': <class 'int'>, 'LEARNING_RATE': <class 'float'>, 'BATCH_SIZE_ML': <class 'int'>, 'N_EPOCHS': <class 'int'>, 'N_CANDIDATES_PER_BATCH': <class 'int'>, 'EVALUATION_FREQUENCY': <class 'int'>, 'DATA_DIR': <class 'str'>, 'RESULTS_DIR': <class 'str'>, 'TRIALS_DIR': <class 'str'>, 'LOGS_DIR': <class 'str'>, 'CHECKPOINTS_DIR': <class 'str'>, 'DB_PATH': <class 'str'>, 'ACCURACY_WEIGHT': <class 'float'>, 'EFFICIENCY_WEIGHT': <class 'float'>, 'STABILITY_WEIGHT': <class 'float'>, 'USE_VARIED_STEPS': <class 'bool'>, 'C_MATRIX_CONSTRAINED': <class 'bool'>, 'COMPLEXITY_LEVEL': <class 'int'>}, '__doc__': 'Configuration for quick test training.', 'N_ODES': 1000, 'BATCH_SIZE': 100, 'N_STIFF_ODES': 300, 'N_NONSTIFF_ODES': 700, 'MIN_STAGES': 7, 'MAX_STAGES': 7, 'DEFAULT_STAGES': 7, 'T_START': 0.0, 'T_END': 0.05, 'REFERENCE_TOL': 1e-06, 'TEST_TOL': 0.001, 'GENERATOR_HIDDEN_SIZE': 256, 'SURROGATE_HIDDEN_SIZE': 128, 'LEARNING_RATE': 0.001, 'BATCH_SIZE_ML': 32, 'N_EPOCHS': 100, 'N_CANDIDATES_PER_BATCH': 15, 'EVALUATION_FREQUENCY': 5, 'DATA_DIR': 'data', 'RESULTS_DIR': 'trials/trial_7stage_efficiency', 'TRIALS_DIR': 'trials/trial_7stage_efficiency', 'LOGS_DIR': 'logs', 'CHECKPOINTS_DIR': 'trials/trial_7stage_efficiency/checkpoints', 'DB_PATH': 'results/integrator_results.db', 'ACCURACY_WEIGHT': 0.2, 'EFFICIENCY_WEIGHT': 0.8, 'STABILITY_WEIGHT': 0.0, 'USE_VARIED_STEPS': True, 'C_MATRIX_CONSTRAINED': True, 'COMPLEXITY_LEVEL': 3, '__static_attributes__': (), '__dict__': <attribute '__dict__' of 'QuickTestTrialConfig' objects>, '__weakref__': <attribute '__weakref__' of 'QuickTestTrialConfig' objects>, '__dataclass_params__': _DataclassParams(init=True,repr=True,eq=True,order=False,unsafe_hash=False,frozen=False,match_args=True,kw_only=False,slots=False,weakref_slot=False), '__dataclass_fields__': {'N_ODES': Field(name='N_ODES',type=<class 'int'>,default=1000,default_factory=<dataclasses._MISSING_TYPE object at 0x0000018F14A8F4D0>,init=True,repr=True,hash=None,compare=True,metadata=mappingproxy({}),kw_only=False,_field_type=_FIELD), 'BATCH_SIZE': Field(name='BATCH_SIZE',type=<class 'int'>,default=100,default_factory=<dataclasses._MISSING_TYPE object at 0x0000018F14A8F4D0>,init=True,repr=True,hash=None,compare=True,metadata=mappingproxy({}),kw_only=False,_field_type=_FIELD), 'N_STIFF_ODES': Field(name='N_STIFF_ODES',type=<class 'int'>,default=300,default_factory=<dataclasses._MISSING_TYPE object at 0x0000018F14A8F4D0>,init=True,repr=True,hash=None,compare=True,metadata=mappingproxy({}),kw_only=False,_field_type=_FIELD), 'N_NONSTIFF_ODES': Field(name='N_NONSTIFF_ODES',type=<class 'int'>,default=700,default_factory=<dataclasses._MISSING_TYPE object at 0x0000018F14A8F4D0>,init=True,repr=True,hash=None,compare=True,metadata=mappingproxy({}),kw_only=False,_field_type=_FIELD), 'MIN_STAGES': Field(name='MIN_STAGES',type=<class 'int'>,default=7,default_factory=<dataclasses._MISSING_TYPE object at 0x0000018F14A8F4D0>,init=True,repr=True,hash=None,compare=True,metadata=mappingproxy({}),kw_only=False,_field_type=_FIELD), 'MAX_STAGES': Field(name='MAX_STAGES',type=<class 'int'>,default=7,default_factory=<dataclasses._MISSING_TYPE object at 0x0000018F14A8F4D0>,init=True,repr=True,hash=None,compare=True,metadata=mappingproxy({}),kw_only=False,_field_type=_FIELD), 'DEFAULT_STAGES': Field(name='DEFAULT_STAGES',type=<class 'int'>,default=7,default_factory=<dataclasses._MISSING_TYPE object at 0x0000018F14A8F4D0>,init=True,repr=True,hash=None,compare=True,metadata=mappingproxy({}),kw_only=False,_field_type=_FIELD), 'T_START': Field(name='T_START',type=<class 'float'>,default=0.0,default_factory=<dataclasses._MISSING_TYPE object at 0x0000018F14A8F4D0>,init=True,repr=True,hash=None,compare=True,metadata=mappingproxy({}),kw_only=False,_field_type=_FIELD), 'T_END': Field(name='T_END',type=<class 'float'>,default=0.05,default_factory=<dataclasses._MISSING_TYPE object at 0x0000018F14A8F4D0>,init=True,repr=True,hash=None,compare=True,metadata=mappingproxy({}),kw_only=False,_field_type=_FIELD), 'REFERENCE_TOL': Field(name='REFERENCE_TOL',