{
  "epoch": 40,
  "best_score": 1.0,
  "best_table": {
    "A": [
      [
        0.0,
        0.0,
        0.0,
        0.0,
        0.0,
        0.0,
        0.0
      ],
      [
        0.2,
        0.0,
        0.0,
        0.0,
        0.0,
        0.0,
        0.0
      ],
      [
        0.075,
        0.225,
        0.0,
        0.0,
        0.0,
        0.0,
        0.0
      ],
      [
        0.9777777777777777,
        -3.7333333333333334,
        3.5555555555555554,
        0.0,
        0.0,
        0.0,
        0.0
      ],
      [
        2.9525986892242035,
        -11.595793324188385,
        9.822892851699436,
        -0.2908093278463649,
        0.0,
        0.0,
        0.0
      ],
      [
        2.8462752525252526,
        -10.757575757575758,
        8.906422717743473,
        0.2784090909090909,
        -0.2735313036020583,
        0.0,
        0.0
      ],
      [
        0.09114583333333333,
        0.0,
        0.44923629829290207,
        0.6510416666666666,
        -0.322376179245283,
        0.13095238095238096,
        0.0
      ]
    ],
    "b": [
      0.09114583333333333,
      0.0,
      0.44923629829290207,
      0.6510416666666666,
      -0.322376179245283,
      0.13095238095238096,
      0.0
    ],
    "c": [
      0.0,
      0.2,
      0.3,
      0.8,
      0.8888888888888888,
      1.0,
      1.0
    ],
    "is_explicit": true,
    "consistency_order": 3,
    "stability_radius": 1.5
  },
  "training_history": [
    {
      "epoch": 1,
      "n_valid_candidates": 50,
      "best_score": 1.0,
      "mean_score": 1.0,
      "best_accuracy": 0.0,
      "best_efficiency": 0.7094717503408218,
      "best_stability": 2.850362436130081,
      "surrogate_loss": 0.0
    },
    {
      "epoch": 2,
      "n_valid_candidates": 50,
      "best_score": 1.0,
      "mean_score": 1.0,
      "best_accuracy": 0.0,
      "best_efficiency": 0.7052057375241088,
      "best_stability": 2.9958877099791725,
      "surrogate_loss": 0.0
    },
    {
      "epoch": 3,
      "n_valid_candidates": 50,
      "best_score": 1.0,
      "mean_score": 1.0,
      "best_accuracy": 0.0,
      "best_efficiency": 0.6760266916655031,
      "best_stability": 2.37429125997341,
      "surrogate_loss": 0.5886801332235336
    },
    {
      "epoch": 4,
      "n_valid_candidates": 50,
      "best_score": 1.0,
      "mean_score": 1.0,
      "best_accuracy": 0.0,
      "best_efficiency": 0.6983199709016966,
      "best_stability": 2.6634886176413586,
      "surrogate_loss": 0.5886801332235336
    },
    {
      "epoch": 5,
      "n_valid_candidates": 50,
      "best_score": 1.0,
      "mean_score": 1.0,
      "best_accuracy": 0.0,
      "best_efficiency": 0.6930872642073106,
      "best_stability": 2.7186811249555447,
      "surrogate_loss": 0.5886801332235336
    },
    {
      "epoch": 6,
      "n_valid_candidates": 50,
      "best_score": 1.0,
      "mean_score": 1.0,
      "best_accuracy": 0.0,
      "best_efficiency": 0.7192274666765636,
      "best_stability": 2.418868724132483,
      "surrogate_loss": 0.39901015162467957
    },
    {
      "epoch": 7,
      "n_valid_candidates": 50,
      "best_score": 1.0,
      "mean_score": 1.0,
      "best_accuracy": 0.0,
      "best_efficiency": 0.7033027443849834,
      "best_stability": 2.942594562265603,
      "surrogate_loss": 0.39901015162467957
    },
    {
      "epoch": 8,
      "n_valid_candidates": 50,
      "best_score": 1.0,
      "mean_score": 1.0,
      "best_accuracy": 0.0,
      "best_efficiency": 0.683929329902973,
      "best_stability": 2.4662804297938914,
      "surrogate_loss": 0.39901015162467957
    },
    {
      "epoch": 9,
      "n_valid_candidates": 50,
      "best_score": 1.0,
      "mean_score": 1.0,
      "best_accuracy": 0.0,
      "best_efficiency": 0.701362965146202,
      "best_stability": 2.09367110049597,
      "surrogate_loss": 0.6269086599349976
    },
    {
      "epoch": 10,
      "n_valid_candidates": 50,
      "best_score": 1.0,
      "mean_score": 1.0,
      "best_accuracy": 0.0,
      "best_efficiency": 0.6909387249767754,
      "best_stability": 2.6765842081538342,
      "surrogate_loss": 0.6269086599349976
    },
    {
      "epoch": 11,
      "n_valid_candidates": 50,
      "best_score": 1.0,
      "mean_score": 1.0,
      "best_accuracy": 0.0,
      "best_efficiency": 0.7018568499878655,
      "best_stability": 2.2427149284148946,
      "surrogate_loss": 0.6269086599349976
    },
    {
      "epoch": 12,
      "n_valid_candidates": 50,
      "best_score": 1.0,
      "mean_score": 1.0,
      "best_accuracy": 1.0,
      "best_efficiency": 0.6746925323894143,
      "best_stability": 2.3886714108565936,
      "surrogate_loss": 0.6819845736026764
    },
    {
      "epoch": 13,
      "n_valid_candidates": 50,
      "best_score": 1.0,
      "mean_score": 1.0,
      "best_accuracy": 0.0,
      "best_efficiency": 0.7121612946008905,
      "best_stability": 2.877882274580104,
      "surrogate_loss": 0.6819845736026764
    },
    {
      "epoch": 14,
      "n_valid_candidates": 50,
      "best_score": 1.0,
      "mean_score": 1.0,
      "best_accuracy": 0.0,
      "best_efficiency": 0.7058925021506127,
      "best_stability": 2.373916398798592,
      "surrogate_loss": 0.6819845736026764
    },
    {
      "epoch": 15,
      "n_valid_candidates": 50,
      "best_score": 1.0,
      "mean_score": 1.0,
      "best_accuracy": 0.0,
      "best_efficiency": 0.6989025930328643,
      "best_stability": 2.4687433470958613,
      "surrogate_loss": 0.46141861379146576
    },
    {
      "epoch": 16,
      "n_valid_candidates": 50,
      "best_score": 1.0,
      "mean_score": 1.0,
      "best_accuracy": 0.0,
      "best_efficiency": 0.6913014346650935,
      "best_stability": 2.6723012380246063,
      "surrogate_loss": 0.46141861379146576
    },
    {
      "epoch": 17,
      "n_valid_candidates": 50,
      "best_score": 1.0,
      "mean_score": 1.0,
      "best_accuracy": 0.0,
      "best_efficiency": 0.7276948607295902,
      "best_stability": 2.467880805097501,
      "surrogate_loss": 0.46141861379146576
    },
    {
      "epoch": 18,
      "n_valid_candidates": 50,
      "best_score": 1.0,
      "mean_score": 1.0,
      "best_accuracy": 0.0,
      "best_efficiency": 0.7299352664994758,
      "best_stability": 2.340105749753759,
      "surrogate_loss": 0.4675053358078003
    },
    {
      "epoch": 19,
      "n_valid_candidates": 50,
      "best_score": 1.0,
      "mean_score": 1.0,
      "best_accuracy": 0.0,
      "best_efficiency": 0.710971725893757,
      "best_stability": 2.4244910992449054,
      "surrogate_loss": 0.4675053358078003
    },
    {
      "epoch": 20,
      "n_valid_candidates": 50,
      "best_score": 1.0,
      "mean_score": 1.0,
      "best_accuracy": 1.0,
      "best_efficiency": 0.6837616394278433,
      "best_stability": 2.7147388401600936,
      "surrogate_loss": 0.4675053358078003
    },
    {
      "epoch": 21,
      "n_valid_candidates": 50,
      "best_score": 1.0,
      "mean_score": 1.0,
      "best_accuracy": 0.24635563058204427,
      "best_efficiency": 0.7405019527575744,
      "best_stability": 2.5125627414033613,
      "surrogate_loss": 0.4881936013698578
    },
    {
      "epoch": 22,
      "n_valid_candidates": 50,
      "best_score": 1.0,
      "mean_score": 1.0,
      "best_accuracy": 0.0,
      "best_efficiency": 0.7279576605297311,
      "best_stability": 2.375633884479279,
      "surrogate_loss": 0.4881936013698578
    },
    {
      "epoch": 23,
      "n_valid_candidates": 50,
      "best_score": 1.0,
      "mean_score": 1.0,
      "best_accuracy": 0.0,
      "best_efficiency": 0.7103784462510934,
      "best_stability": 2.3504483746199503,
      "surrogate_loss": 0.4881936013698578
    },
    {
      "epoch": 24,
      "n_valid_candidates": 50,
      "best_score": 1.0,
      "mean_score": 1.0,
      "best_accuracy": 0.0,
      "best_efficiency": 0.7170137601438648,
      "best_stability": 2.3291545023528917,