{
  "epoch": 100,
  "best_score": 1.0,
  "best_table": {
    "A": [
      [
        0.0,
        0.0,
        0.0,
        0.0,
        0.0,
        0.0,
        0.0
      ],
      [
        -0.250919762305275,
        0.0,
        0.0,
        0.0,
        0.0,
        0.0,
        0.0
      ],
      [
        0.9014286128198323,
        0.4639878836228102,
        0.0,
        0.0,
        0.0,
        0.0,
        0.0
      ],
      [
        0.1973169683940732,
        -0.687962719115127,
        -0.6880109593275947,
        0.0,
        0.0,
        0.0,
        0.0
      ],
      [
        -0.8838327756636011,
        0.7323522915498704,
        0.2022300234864176,
        0.416145155592091,
        0.0,
        0.0,
        0.0
      ],
      [
        -0.9588310114083951,
        0.9398197043239886,
        0.6648852816008435,
        -0.5753217786434477,
        -0.6363500655857988,
        0.0,
        0.0
      ],
      [
        -0.6331909802931324,
        -0.39151551408092455,
        0.04951286326447568,
        -0.13610996271576847,
        -0.4175417196039162,
        0.22370578944475894,
        0.0
      ]
    ],
    "b": [
      0.03715307869524506,
      0.08544616950974704,
      0.11283759824729163,
      0.15058987151601308,
      0.3803323918284104,
      0.05508269692741145,
      0.17855819327588138
    ],
    "c": [
      0.36965827544816987,
      -1.814198349120009,
      0.43017940760575346,
      -1.3179035052508339,
      -1.739793628058882,
      1.795542149013333,
      1.8625281322982374
    ],
    "is_explicit": true,
    "consistency_order": 1,
    "stability_radius": 2.0
  },
  "training_history": [
    {
      "epoch": 10,
      "n_valid_candidates": 15,
      "best_score": 0.9924371372837997,
      "mean_score": 0.9625318511372248,
      "best_accuracy": 0.0,
      "best_efficiency": 0.822658422562997,
      "best_stability": 2.656751088078569,
      "surrogate_loss": 0.0
    },
    {
      "epoch": 34,
      "n_valid_candidates": 15,
      "best_score": 1.0,
      "mean_score": 0.9732359961385602,
      "best_accuracy": 0.0,
      "best_efficiency": 0.8122469957593721,
      "best_stability": 2.609596644856248,
      "surrogate_loss": 0.0
    },
    {
      "epoch": 53,
      "n_valid_candidates": 15,
      "best_score": 1.0,
      "mean_score": 0.9734363682514164,
      "best_accuracy": 0.0,
      "best_efficiency": 0.8255946963574847,
      "best_stability": 2.600598393938227,
      "surrogate_loss": 0.0
    },
    {
      "epoch": 59,
      "n_valid_candidates": 15,
      "best_score": 1.0,
      "mean_score": 0.9646737236284024,
      "best_accuracy": 0.0,
      "best_efficiency": 0.8156175450695748,
      "best_stability": 2.767021004235842,
      "surrogate_loss": 0.0
    },
    {
      "epoch": 85,
      "n_valid_candidates": 15,
      "best_score": 0.9760689185985003,
      "mean_score": 0.9399706462571514,
      "best_accuracy": 0.0,
      "best_efficiency": 0.8217585237817756,
      "best_stability": 2.363341079158029,
      "surrogate_loss": 0.0
    },
    {
      "epoch": 88,
      "n_valid_candidates": 15,
      "best_score": 1.0,
      "mean_score": 1.0,
      "best_accuracy": 0.0,
      "best_efficiency": 0.8480955679959176,
      "best_stability": 2.446417033426808,
      "surrogate_loss": 0.0
    },
    {
      "epoch": 95,
      "n_valid_candidates": 15,
      "best_score": 1.0,
      "mean_score": 0.9997365243045165,
      "best_accuracy": 0.0,
      "best_efficiency": 0.8229442796820511,
      "best_stability": 2.527763757222121,
      "surrogate_loss": 0.0
    }
  ],
  "config": {
    "N_ODES": 1000,
    "BATCH_SIZE": 100,
    "N_STIFF_ODES": 300,
    "N_NONSTIFF_ODES": 700,
    "MIN_STAGES": 7,
    "MAX_STAGES": 7,
    "DEFAULT_STAGES": 7,
    "T_START": 0.0,
    "T_END": 0.5,
    "REFERENCE_TOL": 1e-06,
    "TEST_TOL": 0.001,
    "GENERATOR_HIDDEN_SIZE": 256,
    "SURROGATE_HIDDEN_SIZE": 128,
    "LEARNING_RATE": 0.001,
    "BATCH_SIZE_ML": 32,
    "N_EPOCHS": 100,
    "N_CANDIDATES_PER_BATCH": 15,
    "EVALUATION_FREQUENCY": 20,
    "DATA_DIR": "data",
    "RESULTS_DIR": "trials/trial_7stage_efficiency",
    "TRIALS_DIR": "trials/trial_7stage_efficiency",
    "LOGS_DIR": "logs",
    "CHECKPOINTS_DIR": "trials/trial_7stage_efficiency/checkpoints",
    "DB_PATH": "results/integrator_results.db",
    "ACCURACY_WEIGHT": 0.2,
    "EFFICIENCY_WEIGHT": 0.8,
    "STABILITY_WEIGHT": 0.0,
    "USE_VARIED_STEPS": true,
    "C_MATRIX_CONSTRAINED": true,
    "COMPLEXITY_LEVEL": 3
  }
}