{
  "butcher_table": {
    "A": [
      [
        0.0,
        0.0,
        0.0,
        0.0
      ],
      [
        -0.250919762305275,
        0.0,
        0.0,
        0.0
      ],
      [
        0.9014286128198323,
        0.4639878836228102,
        0.0,
        0.0
      ],
      [
        0.1973169683940732,
        -0.687962719115127,
        -0.6880109593275947,
        0.0
      ]
    ],
    "b": [
      0.014175094141077942,
      0.4764367233203546,
      0.21771965489880052,
      0.29166852763976686
    ],
    "c": [
      -1.9176620228167902,
      1.8796394086479773,
      1.329770563201687,
      -1.1506435572868954
    ],
    "is_explicit": true,
    "consistency_order": 1,
    "stability_radius": 2.0
  },
  "metrics": {
    "max_error": 0.008864515442453957,
    "l2_error": 0.0025710017945313876,
    "mean_error": -7.598170704149161,
    "error_percentile_95": -2.929276755068134,
    "runtime": 7.75451922416687,
    "n_steps": "34071",
    "steps_per_second": 4393.695987472456,
    "efficiency_score": 1.0,
    "stability_score": 2.5548196106914527,
    "convergence_rate": 0.0,
    "composite_score": 1.0,
    "success_rate": 0.442,
    "n_successful": 221,
    "n_total": 500
  },
  "comparisons": {
    "rk4": {
      "accuracy_ratio": 69.40233454677661,
      "efficiency_ratio": 0.571160490371489,
      "stability_ratio": 0.8887157918496887,
      "score_ratio": 1.0,
      "better_accuracy": "False",
      "better_efficiency": "True",
      "better_stability": "False",
      "better_overall": false
    },
    "rk45_dormand_prince": {
      "accuracy_ratio": 52.58975618806707,
      "efficiency_ratio": 1.342219113894313,
      "stability_ratio": 0.8820410571066882,
      "score_ratio": 1.0,
      "better_accuracy": "False",
      "better_efficiency": "False",
      "better_stability": "False",
      "better_overall": false
    },
    "gauss_legendre_2": {
      "accuracy_ratio": 6.016710165345805,
      "efficiency_ratio": 0.34089203469929463,
      "stability_ratio": 0.9793021252724414,
      "score_ratio": 1.0,
      "better_accuracy": "False",
      "better_efficiency": "True",
      "better_stability": "False",
      "better_overall": false
    },
    "gauss_legendre_3": {
      "accuracy_ratio": 9.090239222448814,
      "efficiency_ratio": 0.6530490523065606,
      "stability_ratio": 0.9723289397335451,
      "score_ratio": 1.0,
      "better_accuracy": "False",
      "better_efficiency": "True",
      "better_stability": "False",
      "better_overall": false
    }
  },
  "training_epoch": 100,
  "config": {
    "N_ODES": 1000,
    "BATCH_SIZE": 100,
    "N_STIFF_ODES": 300,
    "N_NONSTIFF_ODES": 700,
    "MIN_STAGES": 4,
    "MAX_STAGES": 4,
    "DEFAULT_STAGES": 4,
    "T_START": 0.0,
    "T_END": 1.0,
    "REFERENCE_TOL": 1e-10,
    "TEST_TOL": 1e-06,
    "GENERATOR_HIDDEN_SIZE": 256,
    "SURROGATE_HIDDEN_SIZE": 128,
    "LEARNING_RATE": 0.001,
    "BATCH_SIZE_ML": 32,
    "N_EPOCHS": 100,
    "N_CANDIDATES_PER_BATCH": 15,
    "EVALUATION_FREQUENCY": 20,
    "DATA_DIR": "data",
    "RESULTS_DIR": "trials/trial_4stage_accuracy",
    "TRIALS_DIR": "trials/trial_4stage_accuracy",
    "LOGS_DIR": "logs",
    "CHECKPOINTS_DIR": "trials/trial_4stage_accuracy/checkpoints",
    "DB_PATH": "results/integrator_results.db",
    "ACCURACY_WEIGHT": 0.9,
    "EFFICIENCY_WEIGHT": 0.1,
    "STABILITY_WEIGHT": 0.0,
    "USE_VARIED_STEPS": true,
    "C_MATRIX_CONSTRAINED": true,
    "COMPLEXITY_LEVEL": 2
  }
}