{
  "butcher_table": {
    "A": [
      [
        0.0,
        0.0,
        0.0,
        0.0
      ],
      [
        0.5,
        0.0,
        0.0,
        0.0
      ],
      [
        0.0,
        0.5,
        0.0,
        0.0
      ],
      [
        0.0,
        0.0,
        1.0,
        0.0
      ]
    ],
    "b": [
      0.16666666666666666,
      0.3333333333333333,
      0.3333333333333333,
      0.16666666666666666
    ],
    "c": [
      0.0,
      0.5,
      0.5,
      1.0
    ],
    "is_explicit": true,
    "consistency_order": 3,
    "stability_radius": 1.5
  },
  "metrics": {
    "max_error": 1.1365956387778128e-05,
    "l2_error": 1.1479196534410745e-06,
    "mean_error": -10.905568602486772,
    "error_percentile_95": -6.390058280652836,
    "runtime": 9.793401718139648,
    "n_steps": "21120",
    "steps_per_second": 2156.5540358546577,
    "efficiency_score": 1.0,
    "stability_score": 2.7880874124957318,
    "convergence_rate": 0.0,
    "composite_score": 1.0,
    "success_rate": 0.44,
    "n_successful": 220,
    "n_total": 500
  },
  "comparisons": {
    "rk4": {
      "accuracy_ratio": 1.0,
      "efficiency_ratio": 0.9369732633526943,
      "stability_ratio": 1.0,
      "score_ratio": 1.0,
      "better_accuracy": "False",
      "better_efficiency": "True",
      "better_stability": "False",
      "better_overall": false
    },
    "rk45_dormand_prince": {
      "accuracy_ratio": 12.351942097092833,
      "efficiency_ratio": 2.237735324310949,
      "stability_ratio": 0.9904961520333985,
      "score_ratio": 1.0,
      "better_accuracy": "False",
      "better_efficiency": "False",
      "better_stability": "False",
      "better_overall": false
    },
    "gauss_legendre_2": {
      "accuracy_ratio": 0.013159679173807356,
      "efficiency_ratio": 0.4993431768195268,
      "stability_ratio": 1.1280740998678782,
      "score_ratio": 1.0,
      "better_accuracy": "True",
      "better_efficiency": "True",
      "better_stability": "True",
      "better_overall": false
    },
    "gauss_legendre_3": {
      "accuracy_ratio": 0.01894069850061525,
      "efficiency_ratio": 0.9198926958340953,
      "stability_ratio": 1.1186031895018793,
      "score_ratio": 1.0,
      "better_accuracy": "True",
      "better_efficiency": "True",
      "better_stability": "True",
      "better_overall": false
    }
  },
  "training_epoch": 100,
  "config": {
    "N_ODES": 1000,
    "BATCH_SIZE": 100,
    "N_STIFF_ODES": 300,
    "N_NONSTIFF_ODES": 700,
    "MIN_STAGES": 4,
    "MAX_STAGES": 4,
    "DEFAULT_STAGES": 4,
    "T_START": 0.0,
    "T_END": 1.0,
    "REFERENCE_TOL": 1e-10,
    "TEST_TOL": 1e-06,
    "GENERATOR_HIDDEN_SIZE": 256,
    "SURROGATE_HIDDEN_SIZE": 128,
    "LEARNING_RATE": 0.001,
    "BATCH_SIZE_ML": 32,
    "N_EPOCHS": 100,
    "N_CANDIDATES_PER_BATCH": 50,
    "EVALUATION_FREQUENCY": 20,
    "DATA_DIR": "data",
    "RESULTS_DIR": "trials/trial_4stage_evolution",
    "TRIALS_DIR": "trials/trial_4stage_evolution",
    "LOGS_DIR": "logs",
    "CHECKPOINTS_DIR": "trials/trial_4stage_evolution/checkpoints",
    "DB_PATH": "results/integrator_results.db",
    "ACCURACY_WEIGHT": 0.7,
    "EFFICIENCY_WEIGHT": 0.2,
    "STABILITY_WEIGHT": 0.1,
    "USE_VARIED_STEPS": true,
    "C_MATRIX_CONSTRAINED": true,
    "COMPLEXITY_LEVEL": 2,
    "USE_EVOLUTION": true,
    "EVOLUTION_POPULATION_SIZE": 50,
    "EVOLUTION_MUTATION_RATE": 0.1,
    "EVOLUTION_CROSSOVER_RATE": 0.8,
    "EVOLUTION_ELITE_SIZE": 10,
    "C_MATRIX_REWARD_WEIGHT": 0.15,
    "B_MATRIX_SUM_REWARD_WEIGHT": 0.1,
    "CONSTRAINT_TOLERANCE": 1e-06
  }
}