{
  "butcher_table": {
    "A": [
      [
        0.0,
        0.0,
        0.0,
        0.0,
        0.0,
        0.0,
        0.0
      ],
      [
        0.2,
        0.0,
        0.0,
        0.0,
        0.0,
        0.0,
        0.0
      ],
      [
        0.075,
        0.225,
        0.0,
        0.0,
        0.0,
        0.0,
        0.0
      ],
      [
        0.9777777777777777,
        -3.7333333333333334,
        3.5555555555555554,
        0.0,
        0.0,
        0.0,
        0.0
      ],
      [
        2.9525986892242035,
        -11.595793324188385,
        9.822892851699436,
        -0.2908093278463649,
        0.0,
        0.0,
        0.0
      ],
      [
        2.8462752525252526,
        -10.757575757575758,
        8.906422717743473,
        0.2784090909090909,
        -0.2735313036020583,
        0.0,
        0.0
      ],
      [
        0.09114583333333333,
        0.0,
        0.44923629829290207,
        0.6510416666666666,
        -0.322376179245283,
        0.13095238095238096,
        0.0
      ]
    ],
    "b": [
      0.09114583333333333,
      0.0,
      0.44923629829290207,
      0.6510416666666666,
      -0.322376179245283,
      0.13095238095238096,
      0.0
    ],
    "c": [
      0.0,
      0.2,
      0.3,
      0.8,
      0.8888888888888888,
      1.0,
      1.0
    ],
    "is_explicit": true,
    "consistency_order": 3,
    "stability_radius": 1.5
  },
  "metrics": {
    "max_error": 2.5417826764374912e-05,
    "l2_error": 1.904306426854344e-06,
    "mean_error": -11.166457010900158,
    "error_percentile_95": -7.475361915858488,
    "runtime": 12.625020503997803,
    "n_steps": "18525",
    "steps_per_second": 1467.3243496225552,
    "efficiency_score": 1.0,
    "stability_score": 2.8077602069245096,
    "convergence_rate": 0.0,
    "composite_score": 1.0,
    "success_rate": 0.45,
    "n_successful": 225,
    "n_total": 500
  },
  "comparisons": {
    "rk4": {
      "accuracy_ratio": 0.1722974008090662,
      "efficiency_ratio": 0.4315897098066303,
      "stability_ratio": 1.012253156483706,
      "score_ratio": 1.0,
      "better_accuracy": "True",
      "better_efficiency": "True",
      "better_stability": "True",
      "better_overall": false
    },
    "rk45_dormand_prince": {
      "accuracy_ratio": 1.0,
      "efficiency_ratio": 1.0191857810071971,
      "stability_ratio": 1.0,
      "score_ratio": 1.0,
      "better_accuracy": "False",
      "better_efficiency": "False",
      "better_stability": "False",
      "better_overall": false
    },
    "gauss_legendre_2": {
      "accuracy_ratio": 0.019645945316398492,
      "efficiency_ratio": 0.2747488564141594,
      "stability_ratio": 1.1402653949312824,
      "score_ratio": 1.0,
      "better_accuracy": "True",
      "better_efficiency": "True",
      "better_stability": "True",
      "better_overall": false
    },
    "gauss_legendre_3": {
      "accuracy_ratio": 0.02964351938900706,
      "efficiency_ratio": 0.479328056897968,
      "stability_ratio": 1.1302726323783199,
      "score_ratio": 1.0,
      "better_accuracy": "True",
      "better_efficiency": "True",
      "better_stability": "True",
      "better_overall": false
    }
  },
  "training_epoch": 100,
  "config": {
    "N_ODES": 1000,
    "BATCH_SIZE": 100,
    "N_STIFF_ODES": 300,
    "N_NONSTIFF_ODES": 700,
    "MIN_STAGES": 7,
    "MAX_STAGES": 7,
    "DEFAULT_STAGES": 7,
    "T_START": 0.0,
    "T_END": 1.0,
    "REFERENCE_TOL": 1e-10,
    "TEST_TOL": 1e-06,
    "GENERATOR_HIDDEN_SIZE": 256,
    "SURROGATE_HIDDEN_SIZE": 128,
    "LEARNING_RATE": 0.001,
    "BATCH_SIZE_ML": 32,
    "N_EPOCHS": 100,
    "N_CANDIDATES_PER_BATCH": 50,
    "EVALUATION_FREQUENCY": 20,
    "DATA_DIR": "data",
    "RESULTS_DIR": "trials/trial_7stage_evolution",
    "TRIALS_DIR": "trials/trial_7stage_evolution",
    "LOGS_DIR": "logs",
    "CHECKPOINTS_DIR": "trials/trial_7stage_evolution/checkpoints",
    "DB_PATH": "results/integrator_results.db",
    "ACCURACY_WEIGHT": 0.7,
    "EFFICIENCY_WEIGHT": 0.2,
    "STABILITY_WEIGHT": 0.1,
    "USE_VARIED_STEPS": true,
    "C_MATRIX_CONSTRAINED": true,
    "COMPLEXITY_LEVEL": 3,
    "USE_EVOLUTION": true,
    "EVOLUTION_POPULATION_SIZE": 50,
    "EVOLUTION_MUTATION_RATE": 0.1,
    "EVOLUTION_CROSSOVER_RATE": 0.8,
    "EVOLUTION_ELITE_SIZE": 10,
    "C_MATRIX_REWARD_WEIGHT": 0.15,
    "B_MATRIX_SUM_REWARD_WEIGHT": 0.1,
    "CONSTRAINT_TOLERANCE": 1e-06
  }
}