{
  "butcher_table": {
    "A": [
      [
        0.0,
        0.0,
        0.0,
        0.0,
        0.0,
        0.0,
        0.0
      ],
      [
        -0.250919762305275,
        0.0,
        0.0,
        0.0,
        0.0,
        0.0,
        0.0
      ],
      [
        0.9014286128198323,
        0.4639878836228102,
        0.0,
        0.0,
        0.0,
        0.0,
        0.0
      ],
      [
        0.1973169683940732,
        -0.687962719115127,
        -0.6880109593275947,
        0.0,
        0.0,
        0.0,
        0.0
      ],
      [
        -0.8838327756636011,
        0.7323522915498704,
        0.2022300234864176,
        0.416145155592091,
        0.0,
        0.0,
        0.0
      ],
      [
        -0.9588310114083951,
        0.9398197043239886,
        0.6648852816008435,
        -0.5753217786434477,
        -0.6363500655857988,
        0.0,
        0.0
      ],
      [
        -0.6331909802931324,
        -0.39151551408092455,
        0.04951286326447568,
        -0.13610996271576847,
        -0.4175417196039162,
        0.22370578944475894,
        0.0
      ]
    ],
    "b": [
      0.03715307869524506,
      0.08544616950974704,
      0.11283759824729163,
      0.15058987151601308,
      0.3803323918284104,
      0.05508269692741145,
      0.17855819327588138
    ],
    "c": [
      0.36965827544816987,
      -1.814198349120009,
      0.43017940760575346,
      -1.3179035052508339,
      -1.739793628058882,
      1.795542149013333,
      1.8625281322982374
    ],
    "is_explicit": true,
    "consistency_order": 1,
    "stability_radius": 2.0
  },
  "metrics": {
    "max_error": 0.00071348339577513,
    "l2_error": 0.00024809557540394627,
    "mean_error": -7.474466881719088,
    "error_percentile_95": -3.3328255986727737,
    "runtime": 42.71943020820618,
    "n_steps": "35528",
    "steps_per_second": 831.6590325957873,
    "efficiency_score": 0.8316590325957872,
    "stability_score": 2.5189654930378294,
    "convergence_rate": 0.0,
    "composite_score": 1.0,
    "success_rate": 0.456,
    "n_successful": 228,
    "n_total": 500
  },
  "comparisons": {
    "rk4": {
      "accuracy_ratio": 2039.0898766816024,
      "efficiency_ratio": 0.2095822475176497,
      "stability_ratio": 0.8757284606951093,
      "score_ratio": 1.0,
      "better_accuracy": "False",
      "better_efficiency": "True",
      "better_stability": "False",
      "better_overall": false
    },
    "rk45_dormand_prince": {
      "accuracy_ratio": 2042.4679174387113,
      "efficiency_ratio": 0.4535287611901749,
      "stability_ratio": 0.8681037297133779,
      "score_ratio": 1.0,
      "better_accuracy": "False",
      "better_efficiency": "True",
      "better_stability": "False",
      "better_overall": false
    },
    "gauss_legendre_2": {
      "accuracy_ratio": 2.902154371875626,
      "efficiency_ratio": 0.12999161723159108,
      "stability_ratio": 0.9800321975809239,
      "score_ratio": 1.0,
      "better_accuracy": "False",
      "better_efficiency": "True",
      "better_stability": "False",
      "better_overall": false
    },
    "gauss_legendre_3": {
      "accuracy_ratio": 4.240535809938752,
      "efficiency_ratio": 0.14596235346096112,
      "stability_ratio": 0.9727377936010383,
      "score_ratio": 1.0,
      "better_accuracy": "False",
      "better_efficiency": "True",
      "better_stability": "False",
      "better_overall": false
    }
  },
  "training_epoch": 100,
  "config": {
    "N_ODES": 1000,
    "BATCH_SIZE": 100,
    "N_STIFF_ODES": 300,
    "N_NONSTIFF_ODES": 700,
    "MIN_STAGES": 7,
    "MAX_STAGES": 7,
    "DEFAULT_STAGES": 7,
    "T_START": 0.0,
    "T_END": 0.5,
    "REFERENCE_TOL": 1e-06,
    "TEST_TOL": 0.001,
    "GENERATOR_HIDDEN_SIZE": 256,
    "SURROGATE_HIDDEN_SIZE": 128,
    "LEARNING_RATE": 0.001,
    "BATCH_SIZE_ML": 32,
    "N_EPOCHS": 100,
    "N_CANDIDATES_PER_BATCH": 15,
    "EVALUATION_FREQUENCY": 20,
    "DATA_DIR": "data",
    "RESULTS_DIR": "trials/trial_7stage_efficiency",
    "TRIALS_DIR": "trials/trial_7stage_efficiency",
    "LOGS_DIR": "logs",
    "CHECKPOINTS_DIR": "trials/trial_7stage_efficiency/checkpoints",
    "DB_PATH": "results/integrator_results.db",
    "ACCURACY_WEIGHT": 0.2,
    "EFFICIENCY_WEIGHT": 0.8,
    "STABILITY_WEIGHT": 0.0,
    "USE_VARIED_STEPS": true,
    "C_MATRIX_CONSTRAINED": true,
    "COMPLEXITY_LEVEL": 3
  }
}