{
  "epoch": 48,
  "best_score": 0.6259862691579758,
  "best_table": {
    "A": [
      [
        0.0,
        0.0,
        0.0,
        0.0,
        0.0,
        0.0
      ],
      [
        -0.250919762305275,
        0.0,
        0.0,
        0.0,
        0.0,
        0.0
      ],
      [
        0.9014286128198323,
        0.4639878836228102,
        0.0,
        0.0,
        0.0,
        0.0
      ],
      [
        0.1973169683940732,
        -0.687962719115127,
        -0.6880109593275947,
        0.0,
        0.0,
        0.0
      ],
      [
        -0.8838327756636011,
        0.7323522915498704,
        0.2022300234864176,
        0.416145155592091,
        0.0,
        0.0
      ],
      [
        -0.9588310114083951,
        0.9398197043239886,
        0.6648852816008435,
        -0.5753217786434477,
        -0.6363500655857988,
        0.0
      ]
    ],
    "b": [
      0.06400767422755628,
      0.11459878330433741,
      0.23501680991587812,
      0.17866076763131275,
      0.10874467421942134,
      0.2989712907014941
    ],
    "c": [
      0.0,
      -0.250919762305275,
      1.3654164964426425,
      -1.1786567100486485,
      0.46689469496477787,
      -0.5657978697128094
    ],
    "is_explicit": true,
    "consistency_order": 1,
    "stability_radius": 2.0
  },
  "training_history": [
    {
      "epoch": 1,
      "n_valid_candidates": 12,
      "best_score": 0.41143049800664916,
      "mean_score": 0.40391422172178043,
      "best_accuracy": 0.03720353046540471,
      "best_efficiency": 1.0,
      "best_stability": 1.2425549799305236,
      "surrogate_loss": 1.804564356803894
    },
    {
      "epoch": 2,
      "n_valid_candidates": 12,
      "best_score": 0.20972882651544983,
      "mean_score": 0.19967996548848052,
      "best_accuracy": 0.030340649757295102,
      "best_efficiency": 1.0,
      "best_stability": 0.0,
      "surrogate_loss": 2.847426414489746
    },
    {
      "epoch": 3,
      "n_valid_candidates": 12,
      "best_score": 0.3575512664231363,
      "mean_score": 0.3499132690345059,
      "best_accuracy": 0.03569785534740211,
      "best_efficiency": 1.0,
      "best_stability": 0.7999371281039758,
      "surrogate_loss": 10.55034065246582
    },
    {
      "epoch": 4,
      "n_valid_candidates": 12,
      "best_score": 0.23415182093928147,
      "mean_score": 0.22418121235448005,
      "best_accuracy": 0.020521060330832175,
      "best_efficiency": 1.0,
      "best_stability": 0.08174121472775053,
      "surrogate_loss": 0.2538188695907593
    },
    {
      "epoch": 5,
      "n_valid_candidates": 12,
      "best_score": 0.24089954757636062,
      "mean_score": 0.2328630006223195,
      "best_accuracy": 0.01926656197706269,
      "best_efficiency": 1.0,
      "best_stability": 0.0,
      "surrogate_loss": 0.23943181335926056
    },
    {
      "epoch": 6,
      "n_valid_candidates": 12,
      "best_score": 0.31290338316941896,
      "mean_score": 0.3028722497883442,
      "best_accuracy": 0.014865869853659862,
      "best_efficiency": 1.0,
      "best_stability": 0.6972924246378736,
      "surrogate_loss": 7.26902437210083
    },
    {
      "epoch": 7,
      "n_valid_candidates": 12,
      "best_score": 0.4920648682374108,
      "mean_score": 0.48177899413315495,
      "best_accuracy": 0.2098574262522195,
      "best_efficiency": 1.0,
      "best_stability": 1.663112970151405,
      "surrogate_loss": 35.09534454345703
    },
    {
      "epoch": 8,
      "n_valid_candidates": 12,
      "best_score": 0.4510986355158923,
      "mean_score": 0.4412812694094638,
      "best_accuracy": 0.0,
      "best_efficiency": 1.0,
      "best_stability": 1.4342622404420053,
      "surrogate_loss": 7.431952953338623
    },
    {
      "epoch": 9,
      "n_valid_candidates": 12,
      "best_score": 0.3983626950279533,
      "mean_score": 0.38788195642321704,
      "best_accuracy": 0.054885876302896694,
      "best_efficiency": 1.0,
      "best_stability": 1.174654043086964,
      "surrogate_loss": 1.0465967655181885
    },
    {
      "epoch": 10,
      "n_valid_candidates": 12,
      "best_score": 0.5393696994340282,
      "mean_score": 0.5315922119442493,
      "best_accuracy": 0.0,
      "best_efficiency": 1.0,
      "best_stability": 2.0743548652538055,
      "surrogate_loss": 96.39229583740234
    },
    {
      "epoch": 11,
      "n_valid_candidates": 12,
      "best_score": 0.5540548101015524,
      "mean_score": 0.5488557824197723,
      "best_accuracy": 0.38009448696414316,
      "best_efficiency": 1.0,
      "best_stability": 2.0578407860152774,
      "surrogate_loss": 10.276396751403809
    },
    {
      "epoch": 12,
      "n_valid_candidates": 12,
      "best_score": 0.16154914787679464,
      "mean_score": 0.15067978630233958,
      "best_accuracy": 0.014250241048911965,
      "best_efficiency": 1.0,
      "best_stability": 0.0,
      "surrogate_loss": 12.420448303222656
    },
    {
      "epoch": 13,
      "n_valid_candidates": 12,
      "best_score": 0.517664788060239,
      "mean_score": 0.5115182804813257,
      "best_accuracy": 0.0,
      "best_efficiency": 1.0,
      "best_stability": 1.9395766796980838,
      "surrogate_loss": 336.7991943359375
    },
    {
      "epoch": 14,
      "n_valid_candidates": 12,
      "best_score": 0.17021017810281547,
      "mean_score": 0.16237268606698066,
      "best_accuracy": 0.008069132603053754,
      "best_efficiency": 1.0,
      "best_stability": 0.0,
      "surrogate_loss": 0.23606042563915253
    },
    {
      "epoch": 15,
      "n_valid_candidates": 12,
      "best_score": 0.4498976730169717,
      "mean_score": 0.4379912584562731,
      "best_accuracy": 0.09614693176511055,
      "best_efficiency": 1.0,
      "best_stability": 1.4103807851203398,
      "surrogate_loss": 35.1075553894043
    },
    {
      "epoch": 16,
      "n_valid_candidates": 12,
      "best_score": 0.32664731415005455,
      "mean_score": 0.31755076711147256,
      "best_accuracy": 0.02945497304072081,
      "best_efficiency": 1.0,
      "best_stability": 0.5070084344393326,
      "surrogate_loss": 7.3388590812683105
    },
    {
      "epoch": 17,
      "n_valid_candidates": 12,
      "best_score": 0.618379715973087,
      "mean_score": 0.6089702363148725,
      "best_accuracy": 0.0,
      "best_efficiency": 1.0,
      "best_stability": 2.623332771045463,
      "surrogate_loss": 0.4665817320346832
    },
    {
      "epoch": 18,
      "n_valid_candidates": 12,
      "best_score": 0.18859373281940278,
      "mean_score": 0.1778580747651407,
      "best_accuracy": 0.01042948024238474,
      "best_efficiency": 1.0,
      "best_stability": 0.0,
      "surrogate_loss": 0.3393184244632721
    },
    {
      "epoch": 19,
      "n_valid_candidates": 12,
      "best_score": 0.21632686930011613,
      "mean_score": 0.2072443583478261,
      "best_accuracy": 0.01425528374223164,
      "best_efficiency": 1.0,
      "best_stability": 0.0,
      "surrogate_loss": 0.3086985647678375
    },
    {
      "epoch": 20,
      "n_valid_candidates": 12,
      "best_score": 0.46003084774013164,
      "mean_score": 0.45087022526832604,
      "best_accuracy": 0.20876479544788462,
      "best_efficiency": 1.0,
      "best_stability": 1.488054323094129,
      "surrogate_loss": 0.2683351933956146
    },
    {
      "epoch": 21,
      "n_valid_candidates": 12,
      "best_score": 0.5147510989623743,
      "mean_score": 0.5052823002590385,
      "best_accuracy": 0.08198192944550624,
      "best_efficiency": 1.0,
      "best_stability": 1.8629955060763637,
      "surrogate_loss": 140.71865844726562
    },
    {
      "epoch": 22,
      "n_valid_candidates": 12,
      "best_score": 0.15436389095903433,
      "mean_score": 0.14467627182804577,
      "best_accuracy": 0.01042948024238474,
      "best_efficiency": 1.0,
      "best_stability": 0.0,
      "surrogate_loss": 0.3227716386318207
    },
    {
      "epoch": 23,
      "n_valid_candidates": 12,
      "best_score": 0.5766539701461272,