{
  "epoch": 12,
  "best_score": 0.5540548101015524,
  "best_table": {
    "A": [
      [
        0.0,
        0.0,
        0.0,
        0.0,
        0.0,
        0.0
      ],
      [
        -0.250919762305275,
        0.0,
        0.0,
        0.0,
        0.0,
        0.0
      ],
      [
        0.9014286128198323,
        0.4639878836228102,
        0.0,
        0.0,
        0.0,
        0.0
      ],
      [
        0.1973169683940732,
        -0.687962719115127,
        -0.6880109593275947,
        0.0,
        0.0,
        0.0
      ],
      [
        -0.8838327756636011,
        0.7323522915498704,
        0.2022300234864176,
        0.416145155592091,
        0.0,
        0.0
      ],
      [
        -0.9588310114083951,
        0.9398197043239886,
        0.6648852816008435,
        -0.5753217786434477,
        -0.6363500655857988,
        0.0
      ]
    ],
    "b": [
      0.06400767422755628,
      0.11459878330433741,
      0.23501680991587812,
      0.17866076763131275,
      0.10874467421942134,
      0.2989712907014941
    ],
    "c": [
      0.0,
      -0.250919762305275,
      1.3654164964426425,
      -1.1786567100486485,
      0.46689469496477787,
      -0.5657978697128094
    ],
    "is_explicit": true,
    "consistency_order": 1,
    "stability_radius": 2.0
  },
  "training_history": [
    {
      "epoch": 1,
      "n_valid_candidates": 12,
      "best_score": 0.41143049800664916,
      "mean_score": 0.40391422172178043,
      "best_accuracy": 0.03720353046540471,
      "best_efficiency": 1.0,
      "best_stability": 1.2425549799305236,
      "surrogate_loss": 1.804564356803894
    },
    {
      "epoch": 2,
      "n_valid_candidates": 12,
      "best_score": 0.20972882651544983,
      "mean_score": 0.19967996548848052,
      "best_accuracy": 0.030340649757295102,
      "best_efficiency": 1.0,
      "best_stability": 0.0,
      "surrogate_loss": 2.847426414489746
    },
    {
      "epoch": 3,
      "n_valid_candidates": 12,
      "best_score": 0.3575512664231363,
      "mean_score": 0.3499132690345059,
      "best_accuracy": 0.03569785534740211,
      "best_efficiency": 1.0,
      "best_stability": 0.7999371281039758,
      "surrogate_loss": 10.55034065246582
    },
    {
      "epoch": 4,
      "n_valid_candidates": 12,
      "best_score": 0.23415182093928147,
      "mean_score": 0.22418121235448005,
      "best_accuracy": 0.020521060330832175,
      "best_efficiency": 1.0,
      "best_stability": 0.08174121472775053,
      "surrogate_loss": 0.2538188695907593
    },
    {
      "epoch": 5,
      "n_valid_candidates": 12,
      "best_score": 0.24089954757636062,
      "mean_score": 0.2328630006223195,
      "best_accuracy": 0.01926656197706269,
      "best_efficiency": 1.0,
      "best_stability": 0.0,
      "surrogate_loss": 0.23943181335926056
    },
    {
      "epoch": 6,
      "n_valid_candidates": 12,
      "best_score": 0.31290338316941896,
      "mean_score": 0.3028722497883442,
      "best_accuracy": 0.014865869853659862,
      "best_efficiency": 1.0,
      "best_stability": 0.6972924246378736,
      "surrogate_loss": 7.26902437210083
    },
    {
      "epoch": 7,
      "n_valid_candidates": 12,
      "best_score": 0.4920648682374108,
      "mean_score": 0.48177899413315495,
      "best_accuracy": 0.2098574262522195,
      "best_efficiency": 1.0,
      "best_stability": 1.663112970151405,
      "surrogate_loss": 35.09534454345703
    },
    {
      "epoch": 8,
      "n_valid_candidates": 12,
      "best_score": 0.4510986355158923,
      "mean_score": 0.4412812694094638,
      "best_accuracy": 0.0,
      "best_efficiency": 1.0,
      "best_stability": 1.4342622404420053,
      "surrogate_loss": 7.431952953338623
    },
    {
      "epoch": 9,
      "n_valid_candidates": 12,
      "best_score": 0.3983626950279533,
      "mean_score": 0.38788195642321704,
      "best_accuracy": 0.054885876302896694,
      "best_efficiency": 1.0,
      "best_stability": 1.174654043086964,
      "surrogate_loss": 1.0465967655181885
    },
    {
      "epoch": 10,
      "n_valid_candidates": 12,
      "best_score": 0.5393696994340282,
      "mean_score": 0.5315922119442493,
      "best_accuracy": 0.0,
      "best_efficiency": 1.0,
      "best_stability": 2.0743548652538055,
      "surrogate_loss": 96.39229583740234
    },
    {
      "epoch": 11,
      "n_valid_candidates": 12,
      "best_score": 0.5540548101015524,
      "mean_score": 0.5488557824197723,
      "best_accuracy": 0.38009448696414316,
      "best_efficiency": 1.0,
      "best_stability": 2.0578407860152774,
      "surrogate_loss": 10.276396751403809
    },
    {
      "epoch": 12,
      "n_valid_candidates": 12,
      "best_score": 0.16154914787679464,
      "mean_score": 0.15067978630233958,
      "best_accuracy": 0.014250241048911965,
      "best_efficiency": 1.0,
      "best_stability": 0.0,
      "surrogate_loss": 12.420448303222656
    }
  ],
  "config": {
    "N_ODES": 700,
    "BATCH_SIZE": 18,
    "N_STIFF_ODES": 250,
    "N_NONSTIFF_ODES": 450,
    "MIN_STAGES": 6,
    "MAX_STAGES": 6,
    "DEFAULT_STAGES": 6,
    "T_START": 0.0,
    "T_END": 0.08,
    "REFERENCE_TOL": 1e-07,
    "TEST_TOL": 0.001,
    "GENERATOR_HIDDEN_SIZE": 320,
    "SURROGATE_HIDDEN_SIZE": 160,
    "LEARNING_RATE": 0.0006,
    "BATCH_SIZE_ML": 40,
    "N_EPOCHS": 120,
    "N_CANDIDATES_PER_BATCH": 12,
    "EVALUATION_FREQUENCY": 12,
    "DATA_DIR": "data",
    "RESULTS_DIR": "experiments/run_8_alternative_6stage",
    "CHECKPOINTS_DIR": "experiments/run_8_alternative_6stage/checkpoints",
    "LOGS_DIR": "experiments/run_8_alternative_6stage/logs",
    "DB_PATH": "experiments/run_8_alternative_6stage/integrator_results.db",
    "ACCURACY_WEIGHT": 0.25,
    "EFFICIENCY_WEIGHT": 0.5,
    "STABILITY_WEIGHT": 0.25,
    "DIVERSITY_PENALTY": 0.4,
    "FORBIDDEN_COEFFICIENTS": [
      -0.250919762305275,
      0.9014286128198323,
      0.4639878836228102,
      0.1973169683940732,
      -0.687962719115127,
      -0.6880109593275947,
      1.3654164964426425,
      -1.1786567100486485,
      -0.8838327756636011,
      0.7323522915498704,
      0.2022300234864176,
      0.416145155592091,
      -0.9588310114083951,
      0.9398197043239886,
      0.6648852816008435,
      -0.5753217786434477,
      -0.6363500655857988,
      0.46689469496477787,
      -0.5657978697128094
    ],
    "COEFFICIENT_DIVERSITY_BONUS": 0.2,
    "MIN_STABILITY_RADIUS": 2.5,
    "MAX_STABILITY_RADIUS": 6.0
  }
}