{
  "butcher_table": {
    "A": [
      [
        0.0,
        0.0,
        0.0,
        0.0
      ],
      [
        -0.250919762305275,
        0.0,
        0.0,
        0.0
      ],
      [
        0.9014286128198323,
        0.4639878836228102,
        0.0,
        0.0
      ],
      [
        0.1973169683940732,
        -0.687962719115127,
        -0.6880109593275947,
        0.0
      ]
    ],
    "b": [
      0.014175094141077942,
      0.4764367233203546,
      0.21771965489880052,
      0.29166852763976686
    ],
    "c": [
      0.020584494295802447,
      0.21233911067827616,
      0.8324426408004217,
      0.9699098521619943
    ],
    "is_explicit": true,
    "consistency_order": 1,
    "stability_radius": 2.0
  },
  "metrics": {
    "max_error": 0.0009830695482023475,
    "l2_error": 0.00043994536578751206,
    "mean_error": -6.991983352125274,
    "error_percentile_95": -3.0994586706743408,
    "runtime": 3.9444122314453125,
    "n_steps": "11833",
    "steps_per_second": 2999.9399924951936,
    "efficiency_score": 1.0,
    "stability_score": 2.475307205546556,
    "convergence_rate": 0.0,
    "composite_score": 1.0,
    "success_rate": 0.43,
    "n_successful": 215,
    "n_total": 500
  },
  "comparisons": {
    "rk4": {
      "accuracy_ratio": 1.9487626469329717,
      "efficiency_ratio": 0.3733371074966828,
      "stability_ratio": 0.890811289865548,
      "score_ratio": 1.0,
      "better_accuracy": "False",
      "better_efficiency": "True",
      "better_stability": "False",
      "better_overall": false
    },
    "rk45_dormand_prince": {
      "accuracy_ratio": 1.519412699716349,
      "efficiency_ratio": 0.628396021678833,
      "stability_ratio": 0.8801967338291637,
      "score_ratio": 1.0,
      "better_accuracy": "False",
      "better_efficiency": "True",
      "better_stability": "False",
      "better_overall": false
    },
    "gauss_legendre_2": {
      "accuracy_ratio": 0.6669020935982175,
      "efficiency_ratio": 0.2562754834604121,
      "stability_ratio": 0.996079257184069,
      "score_ratio": 1.0,
      "better_accuracy": "True",
      "better_efficiency": "True",
      "better_stability": "False",
      "better_overall": false
    },
    "gauss_legendre_3": {
      "accuracy_ratio": 0.05911484114944556,
      "efficiency_ratio": 0.5231159647351461,
      "stability_ratio": 1.001859282965986,
      "score_ratio": 1.0,
      "better_accuracy": "True",
      "better_efficiency": "True",
      "better_stability": "True",
      "better_overall": false
    }
  },
  "training_epoch": 3,
  "config": {
    "N_ODES": 1000,
    "BATCH_SIZE": 25,
    "N_STIFF_ODES": 300,
    "N_NONSTIFF_ODES": 700,
    "MIN_STAGES": 4,
    "MAX_STAGES": 6,
    "DEFAULT_STAGES": 4,
    "T_START": 0.0,
    "T_END": 0.1,
    "REFERENCE_TOL": 1e-08,
    "TEST_TOL": 0.0001,
    "GENERATOR_HIDDEN_SIZE": 256,
    "SURROGATE_HIDDEN_SIZE": 128,
    "LEARNING_RATE": 0.001,
    "BATCH_SIZE_ML": 32,
    "N_EPOCHS": 400,
    "N_CANDIDATES_PER_BATCH": 15,
    "EVALUATION_FREQUENCY": 20,
    "DATA_DIR": "data",
    "RESULTS_DIR": "results",
    "TRIALS_DIR": "trials",
    "LOGS_DIR": "logs",
    "DB_PATH": "results/integrator_results.db",
    "ACCURACY_WEIGHT": 0.4,
    "EFFICIENCY_WEIGHT": 0.4,
    "STABILITY_WEIGHT": 0.2
  }
}