{
  "Table_1_4stage": {
    "representative_trial": "trial_001_balanced_weights",
    "similar_trials": [
      "trial_001_balanced_weights",
      "trial_002_efficiency_focused",
      "trial_003_efficiency_focused_v2",
      "trial_004_stability_focused",
      "trial_006_alternative_4stage"
    ],
    "table": {
      "A": [
        [
          0.0,
          0.0,
          0.0,
          0.0
        ],
        [
          -0.250919762305275,
          0.0,
          0.0,
          0.0
        ],
        [
          0.9014286128198323,
          0.4639878836228102,
          0.0,
          0.0
        ],
        [
          0.1973169683940732,
          -0.687962719115127,
          -0.6880109593275947,
          0.0
        ]
      ],
      "b": [
        0.014175094141077942,
        0.4764367233203546,
        0.21771965489880052,
        0.29166852763976686
      ],
      "c": [
        0.0,
        -0.250919762305275,
        1.3654164964426425,
        -1.1786567100486485
      ],
      "is_explicit": true,
      "consistency_order": 1,
      "stability_radius": 2.0
    },
    "stage_count": 4
  },
  "Table_2_6stage": {
    "representative_trial": "trial_005_diversity_focused",
    "similar_trials": [
      "trial_005_diversity_focused",
      "trial_007_alternative_6stage"
    ],
    "table": {
      "A": [
        [
          0.0,
          0.0,
          0.0,
          0.0,
          0.0,
          0.0
        ],
        [
          -0.250919762305275,
          0.0,
          0.0,
          0.0,
          0.0,
          0.0
        ],
        [
          0.9014286128198323,
          0.4639878836228102,
          0.0,
          0.0,
          0.0,
          0.0
        ],
        [
          0.1973169683940732,
          -0.687962719115127,
          -0.6880109593275947,
          0.0,
          0.0,
          0.0
        ],
        [
          -0.8838327756636011,
          0.7323522915498704,
          0.2022300234864176,
          0.416145155592091,
          0.0,
          0.0
        ],
        [
          -0.9588310114083951,
          0.9398197043239886,
          0.6648852816008435,
          -0.5753217786434477,
          -0.6363500655857988,
          0.0
        ]
      ],
      "b": [
        0.06400767422755628,
        0.11459878330433741,
        0.23501680991587812,
        0.17866076763131275,
        0.10874467421942134,
        0.2989712907014941
      ],
      "c": [
        0.0,
        -0.250919762305275,
        1.3654164964426425,
        -1.1786567100486485,
        0.46689469496477787,
        -0.5657978697128094
      ],
      "is_explicit": true,
      "consistency_order": 1,
      "stability_radius": 2.0
    },
    "stage_count": 6
  }
}