{
  "epoch": 20,
  "best_score": 1.0,
  "best_table": {
    "A": [
      [
        0.0,
        0.0,
        0.0,
        0.0,
        0.0,
        0.0
      ],
      [
        -0.250919762305275,
        0.0,
        0.0,
        0.0,
        0.0,
        0.0
      ],
      [
        0.9014286128198323,
        0.4639878836228102,
        0.0,
        0.0,
        0.0,
        0.0
      ],
      [
        0.1973169683940732,
        -0.687962719115127,
        -0.6880109593275947,
        0.0,
        0.0,
        0.0
      ],
      [
        -0.8838327756636011,
        0.7323522915498704,
        0.2022300234864176,
        0.416145155592091,
        0.0,
        0.0
      ],
      [
        -0.9588310114083951,
        0.9398197043239886,
        0.6648852816008435,
        -0.5753217786434477,
        -0.6363500655857988,
        0.0
      ]
    ],
    "b": [
      0.06400767422755628,
      0.11459878330433741,
      0.23501680991587812,
      0.17866076763131275,
      0.10874467421942134,
      0.2989712907014941
    ],
    "c": [
      0.0,
      -0.250919762305275,
      1.3654164964426425,
      -1.1786567100486485,
      0.46689469496477787,
      -0.5657978697128094
    ],
    "is_explicit": true,
    "consistency_order": 1,
    "stability_radius": 2.0
  },
  "training_history": [
    {
      "epoch": 1,
      "n_valid_candidates": 10,
      "best_score": 0.09190009957469225,
      "mean_score": 0.08114790012040932,
      "best_accuracy": 0.013149771352326953,
      "best_efficiency": 1.0,
      "best_stability": 0.0,
      "surrogate_loss": 0.22199325263500214
    },
    {
      "epoch": 2,
      "n_valid_candidates": 10,
      "best_score": 0.5661858624163497,
      "mean_score": 0.5567433244341891,
      "best_accuracy": 0.03609858348003366,
      "best_efficiency": 1.0,
      "best_stability": 1.1906513419368177,
      "surrogate_loss": 12.6458101272583
    },
    {
      "epoch": 3,
      "n_valid_candidates": 10,
      "best_score": 0.3879403938894473,
      "mean_score": 0.3751724361607794,
      "best_accuracy": 0.03440030807727345,
      "best_efficiency": 1.0,
      "best_stability": 0.7711574045730122,
      "surrogate_loss": 0.49937644600868225
    },
    {
      "epoch": 4,
      "n_valid_candidates": 10,
      "best_score": 0.3048895892636776,
      "mean_score": 0.2951542172117686,
      "best_accuracy": 0.057462466816551344,
      "best_efficiency": 1.0,
      "best_stability": 0.5592117488012439,
      "surrogate_loss": 0.7813855409622192
    },
    {
      "epoch": 5,
      "n_valid_candidates": 10,
      "best_score": 0.39416201896949454,
      "mean_score": 0.3842264498374081,
      "best_accuracy": 0.029388708015351435,
      "best_efficiency": 1.0,
      "best_stability": 0.7357145154738596,
      "surrogate_loss": 0.36884379386901855
    },
    {
      "epoch": 6,
      "n_valid_candidates": 10,
      "best_score": 1.0,
      "mean_score": 1.0,
      "best_accuracy": 0.21429729935138286,
      "best_efficiency": 1.0,
      "best_stability": 2.4268699171515955,
      "surrogate_loss": 128.1208038330078
    },
    {
      "epoch": 7,
      "n_valid_candidates": 10,
      "best_score": 1.0,
      "mean_score": 1.0,
      "best_accuracy": 0.0,
      "best_efficiency": 1.0,
      "best_stability": 2.3626403291088733,
      "surrogate_loss": 1.3993465900421143
    },
    {
      "epoch": 8,
      "n_valid_candidates": 10,
      "best_score": 0.08773580416665688,
      "mean_score": 0.07926892938425642,
      "best_accuracy": 0.030368937788601905,
      "best_efficiency": 1.0,
      "best_stability": 0.0,
      "surrogate_loss": 0.5321608781814575
    },
    {
      "epoch": 9,
      "n_valid_candidates": 10,
      "best_score": 0.04701127833364316,
      "mean_score": 0.03374548674539093,
      "best_accuracy": 0.01320819135146318,
      "best_efficiency": 1.0,
      "best_stability": 0.0,
      "surrogate_loss": 0.23473933339118958
    },
    {
      "epoch": 10,
      "n_valid_candidates": 10,
      "best_score": 0.544982248922402,
      "mean_score": 0.5355661617456344,
      "best_accuracy": 0.03609908203924893,
      "best_efficiency": 1.0,
      "best_stability": 1.1447221856135312,
      "surrogate_loss": 19.903594970703125
    },
    {
      "epoch": 11,
      "n_valid_candidates": 10,
      "best_score": 1.0,
      "mean_score": 1.0,
      "best_accuracy": 0.0,
      "best_efficiency": 1.0,
      "best_stability": 2.506917047410537,
      "surrogate_loss": 24.611995697021484
    },
    {
      "epoch": 12,
      "n_valid_candidates": 10,
      "best_score": 0.7346024279051531,
      "mean_score": 0.7213386856618821,
      "best_accuracy": 0.0294947256086727,
      "best_efficiency": 1.0,
      "best_stability": 1.6062127049922832,
      "surrogate_loss": 65.04345703125
    },
    {
      "epoch": 13,
      "n_valid_candidates": 10,
      "best_score": 0.5780492639518383,
      "mean_score": 0.5711462461312017,
      "best_accuracy": 0.03036899322550392,
      "best_efficiency": 1.0,
      "best_stability": 1.2237008789732113,
      "surrogate_loss": 24.27641487121582
    },
    {
      "epoch": 14,
      "n_valid_candidates": 10,
      "best_score": 0.06750279576986616,
      "mean_score": 0.05909674119754127,
      "best_accuracy": 0.016973266898511804,
      "best_efficiency": 1.0,
      "best_stability": 0.0,
      "surrogate_loss": 1.7729308605194092
    },
    {
      "epoch": 15,
      "n_valid_candidates": 10,
      "best_score": 0.6643135039804209,
      "mean_score": 0.653148300625556,
      "best_accuracy": 0.058591710676278864,
      "best_efficiency": 1.0,
      "best_stability": 1.4190412348767127,
      "surrogate_loss": 44.114280700683594
    },
    {
      "epoch": 16,
      "n_valid_candidates": 10,
      "best_score": 0.48284599447186727,
      "mean_score": 0.47489255141882347,
      "best_accuracy": 0.08059098159981967,
      "best_efficiency": 1.0,
      "best_stability": 0.9905196925724319,
      "surrogate_loss": 6.08229923248291
    },
    {
      "epoch": 17,
      "n_valid_candidates": 10,
      "best_score": 1.0,
      "mean_score": 1.0,
      "best_accuracy": 0.0,
      "best_efficiency": 1.0,
      "best_stability": 2.720420568635592,
      "surrogate_loss": 0.27386340498924255
    },
    {
      "epoch": 18,
      "n_valid_candidates": 10,
      "best_score": 0.7942229883276866,
      "mean_score": 0.7836517500167586,
      "best_accuracy": 0.031157072446342856,
      "best_efficiency": 1.0,
      "best_stability": 1.7425826538515783,
      "surrogate_loss": 25.236251831054688
    },
    {
      "epoch": 19,
      "n_valid_candidates": 10,
      "best_score": 0.5590985699985593,
      "mean_score": 0.547804064882581,
      "best_accuracy": 0.016640017235375636,
      "best_efficiency": 1.0,
      "best_stability": 1.1569855872823458,
      "surrogate_loss": 11.814583778381348
    },
    {
      "epoch": 20,
      "n_valid_candidates": 10,
      "best_score": 0.760405020919666,
      "mean_score": 0.7476171757000226,
      "best_accuracy": 0.06622119977407825,
      "best_efficiency": 1.0,
      "best_stability": 1.654284200936003,
      "surrogate_loss": 4.358979225158691
    }
  ],
  "config": {
    "N_ODES": 800,
    "BATCH_SIZE": 20,
    "N_STIFF_ODES": 300,
    "N_NONSTIFF_ODES": 500,
    "MIN_STAGES": 6,
    "MAX_STAGES": 6,
    "DEFAULT_STAGES": 6,
    "T_START": 0.0,
    "T_END": 0.05,
    "REFERENCE_TOL": 1e-06,
    "TEST_TOL": 0.001,
    "GENERATOR_HIDDEN_SIZE": 256,
    "SURROGATE_HIDDEN_SIZE": 128,
    "LEARNING_RATE": 0.001,
    "BATCH_SIZE_ML": 32,
    "N_EPOCHS": 100,
    "N_CANDIDATES_PER_BATCH": 10,
    "EVALUATION_FREQUENCY": 10,
    "DATA_DIR": "data",
    "RESULTS_DIR": "experiments/run_6_diversity_focused",
    "CHECKPOINTS_DIR": "experiments/run_6_diversity_focused/checkpoints",
    "LOGS_DIR": "experiments/run_6_diversity_focused/logs",
    "DB_PATH": "experiments/run_6_diversity_focused/integrator_results.db",
    "ACCURACY_WEIGHT": 0.1,