{
  "butcher_table": {
    "A": [
      [
        0.0,
        0.0,
        0.0,
        0.0
      ],
      [
        -0.250919762305275,
        0.0,
        0.0,
        0.0
      ],
      [
        0.9014286128198323,
        0.4639878836228102,
        0.0,
        0.0
      ],
      [
        0.1973169683940732,
        -0.687962719115127,
        -0.6880109593275947,
        0.0
      ]
    ],
    "b": [
      0.014175094141077942,
      0.4764367233203546,
      0.21771965489880052,
      0.29166852763976686
    ],
    "c": [
      0.0,
      -0.250919762305275,
      1.3654164964426425,
      -1.1786567100486485
    ],
    "is_explicit": true,
    "consistency_order": 1,
    "stability_radius": 2.0
  },
  "metrics": {
    "max_error": 3.1008680885896473e+121,
    "l2_error": 9.276404276425816e+120,
    "mean_error": -3.281056861090899,
    "error_percentile_95": 8.31512706016593,
    "runtime": 1.2268671989440918,
    "n_steps": "5916",
    "steps_per_second": 4822.0377927551,
    "efficiency_score": 1.0,
    "stability_score": 0.5825806281234212,
    "convergence_rate": 1.8841606482380768e-17,
    "composite_score": 1.0,
    "success_rate": 0.986,
    "n_successful": 493,
    "n_total": 500
  },
  "comparisons": {
    "rk4": {
      "accuracy_ratio": 1.0,
      "efficiency_ratio": 0.918873524200259,
      "stability_ratio": 0.6969660231687655,
      "score_ratio": 1.0,
      "better_accuracy": "False",
      "better_efficiency": "True",
      "better_stability": "False",
      "better_overall": false
    },
    "rk45_dormand_prince": {
      "accuracy_ratio": 1.0,
      "efficiency_ratio": 2.580342349394289,
      "stability_ratio": 0.6014899730324675,
      "score_ratio": 1.0,
      "better_accuracy": "False",
      "better_efficiency": "False",
      "better_stability": "False",
      "better_overall": false
    },
    "gauss_legendre_2": {
      "accuracy_ratio": 1.0,
      "efficiency_ratio": 0.37009483751385097,
      "stability_ratio": 0.943550170025196,
      "score_ratio": 1.0,
      "better_accuracy": "False",
      "better_efficiency": "True",
      "better_stability": "False",
      "better_overall": false
    },
    "gauss_legendre_3": {
      "accuracy_ratio": 1.0,
      "efficiency_ratio": 0.6514129627463197,
      "stability_ratio": 0.9056773854477516,
      "score_ratio": 1.0,
      "better_accuracy": "False",
      "better_efficiency": "True",
      "better_stability": "False",
      "better_overall": false
    }
  },
  "training_epoch": 100,
  "config": {
    "N_ODES": 500,
    "BATCH_SIZE": 20,
    "N_STIFF_ODES": 150,
    "N_NONSTIFF_ODES": 350,
    "MIN_STAGES": 4,
    "MAX_STAGES": 6,
    "DEFAULT_STAGES": 4,
    "T_START": 0.0,
    "T_END": 0.1,
    "REFERENCE_TOL": 1e-08,
    "TEST_TOL": 0.0001,
    "GENERATOR_HIDDEN_SIZE": 256,
    "SURROGATE_HIDDEN_SIZE": 128,
    "LEARNING_RATE": 0.001,
    "BATCH_SIZE_ML": 32,
    "N_EPOCHS": 20,
    "N_CANDIDATES_PER_BATCH": 10,
    "EVALUATION_FREQUENCY": 10,
    "DATA_DIR": "data",
    "RESULTS_DIR": "results",
    "CHECKPOINTS_DIR": "checkpoints",
    "LOGS_DIR": "logs",
    "DB_PATH": "results/integrator_results.db",
    "ACCURACY_WEIGHT": 0.5,
    "EFFICIENCY_WEIGHT": 0.3,
    "STABILITY_WEIGHT": 0.2
  }
}